QUESTION;ANSWERS;CORRECT (1-4)
Welche Mannschaft gewann die meisten Titel in der österreichischen Bundesliga?;Rapid Wien,FC Salzburg,Austria Wien,Sturm Graz;0
In welcher Mannschaft spielt Lionel Messi?;FC Liverpool,Sturm Graz,RB Salzburg,FC Barcelona;3
Wie viele Punkte kann man bei einem Wurf (3 Darts) in Dart maximal erreichen?;60,90,180,140;2
Wie heißt das Mannschaftsspiel was mit einem Frisbee gespielt wird?;Frisbee,Ultimate,Team-Frisbee,Rugby-Frisbee;1
Was ist die beliebteste Sport 2018?;Fußball,Golf,Handball,Rugby;0